{
    "cars": [{
            "id": 1,
            "Category": "sedan",
            "Availability": true,
            "Brand": "Toyoto",
            "Model": "camry",
            "Modelyear": "2008",
            "Mileage": "24kpl ",
            "Fueltype": "petrol",
            "Seats": "5",
            "Priceperday": 120,
            "Description": "very nice car ",
            "image": "images/camry.jpg"

        },
        {
            "id": 2,
            "Category": "sedan",
            "Availability": true,
            "Brand": "Hyundai",
            "Model": "sonata",
            "Modelyear": "2018",
            "Mileage": "25kpl ",
            "Fueltype": "petrol",
            "Seats": "5",
            "Priceperday": 125,
            "Description": "Good car ",
            "image": "images/sonata.jpg"
        },
        {
            "id": 3,
            "Category": "sedan",
            "Availability": false,
            "Brand": "Honda",
            "Model": "civic",
            "Modelyear": "2014",
            "Mileage": "20kpl ",
            "Fueltype": "petrol/diesel",
            "Seats": "5",
            "Priceperday": 128,
            "Description": "nice car ",
            "image": "images/civic.jpg"
        },

        {
            "id": 4,
            "Category": "sedan",
            "Availability": true,
            "Brand": "volkswagen",
            "Model": "golf",
            "Modelyear": "2018",
            "Mileage": "15kpl ",
            "Fueltype": "petrol",
            "Seats": "4",
            "Priceperday": 120,
            "Description": "it's good car ",
            "image": "images/golf.jpg"
        },
        {
            "id": 5,
            "Category": "Wagon",
            "Availability": true,
            "Brand": "Mahindra",
            "Model": "Mahindra-thar",
            "Modelyear": "2020",
            "Mileage": "20kpl ",
            "Fueltype": "petrol",
            "Seats": "4",
            "Priceperday": 140,
            "Description": "very good car ",
            "image": "images/mahindra-thar.jpg"
        },
        {
            "id": 6,
            "Category": "Wagon",
            "Availability": true,
            "Brand": "kia",
            "Model": "sorento",
            "Modelyear": "2018",
            "Mileage": "24kpl ",
            "Fueltype": "petrol",
            "Seats": "4",
            "Priceperday": 130,
            "Description": "petrol ",
            "image": "images/sorento.jpg"
        },
        {
            "id": 7,
            "Category": "Wagon",
            "Availability": false,
            "Brand": "Toyota",
            "Model": "corolla",
            "Modelyear": "2020",
            "Mileage": "25kpl ",
            "Fueltype": "petrol/diesel",
            "Seats": "5",
            "Priceperday": 135,
            "Description": "it's good ",
            "image": "images/corolla.jpg"
        },
        {
            "id": 8,
            "Category": "Wagon",
            "Availability": true,
            "Brand": "chevrolet",
            "Model": "captiva",
            "Modelyear": "2019",
            "Mileage": "10000 ",
            "Fueltype": "petrol/diesel",
            "Seats": "5",
            "Priceperday": 140,
            "Description": "very good ",
            "image": "images/captiva.jpg"
        },
        {
            "id": 9,
            "Category": "SUV",
            "Availability": true,
            "Brand": "jeep",
            "Model": "compass",
            "Modelyear": "2020",
            "Mileage": "25kpl ",
            "Fueltype": "diesel",
            "Seats": "4",
            "Priceperday": 130,
            "Description": "nice one ",
            "image": "images/compass.jpg"
        },
        {
            "id": 10,
            "Category": "SUV",
            "Availability": true,
            "Brand": "nissan",
            "Model": "x-trail",
            "Modelyear": "2020",
            "Mileage": "25kpl ",
            "Fueltype": "diesel",
            "Seats": "5",
            "Priceperday": 130,
            "Description": "good car",
            "image": "images/x-trail.jpg"
        },
        {
            "id": 11,
            "Category": "SUV",
            "Availability": true,
            "Brand": "Suzuki",
            "Model": "jimmy",
            "Modelyear": "2018",
            "Mileage": "25kpl",
            "Fueltype": "diesel",
            "Seats": "5",
            "Priceperday": 125,
            "Description": "nice one ",
            "image": "images/jimmy.jpg"
        },
        {
            "id": 12,
            "Category": "SUV",
            "Availability": false,
            "Brand": "jeep",
            "Model": "cherokee",
            "Modelyear": "2020",
            "Mileage": "20kpl ",
            "Fueltype": "petrol",
            "Seats": "4",
            "Priceperday": 120,
            "Description": "it's good",
            "image": "images/cherokee.jpg"
        }
    ]
}